{
    "providers": [
        {
            "type": "bitmap",
            "file": "minecraft:gui/container/storage.png",
            "ascent": 13,
            "height": 125,
            "chars": ["\uEc01"]
        },
        {
            "type": "bitmap",
            "file": "minecraft:gui/space.png",
            "height": -10,
            "ascent": -2147483648,
            "chars": ["\uEe00"]
        },
        {
            "type": "bitmap",
            "file": "minecraft:gui/space.png",
            "height": -172,
            "ascent": -2147483648,
            "chars": ["\uEe01"]
        }
    ]
 }